{
  "graph":{
    "layout_direction":0,
    "acyclic":true,
    "pipe_collision":false,
    "pipe_slicing":true,
    "pipe_style":1,
    "accept_connection_types":"{}",
    "reject_connection_types":"{}"
  },
  "nodes":{
    "0x1f80fb60520":{
      "type_":"dynamic.StatusDynamicNode_\u6570\u636e\u96c6\u6210_\u6587\u672c\u8f93\u5165",
      "icon":null,
      "name":"\u6587\u672c\u8f93\u5165",
      "color":[
        25,
        70,
        45,
        255
      ],
      "border_color":[
        74,
        84,
        85,
        255
      ],
      "text_color":[
        255,
        255,
        255,
        180
      ],
      "disabled":false,
      "selected":false,
      "visible":true,
      "width":243.0,
      "height":69.05000000000001,
      "pos":[
        -25.56382299945436,
        208.6337812536115
      ],
      "layout_direction":0,
      "port_deletion_allowed":false,
      "subgraph_session":{},
      "custom":{
        "input":"\u6587\u672c\u5185\u5bb9"
      }
    },
    "0x1f80fb85b40":{
      "type_":"dynamic.StatusDynamicNode_\u6570\u636e\u96c6\u6210_\u6587\u672c\u8f93\u5165",
      "icon":null,
      "name":"\u6587\u672c\u8f93\u5165 1",
      "color":[
        25,
        70,
        45,
        255
      ],
      "border_color":[
        74,
        84,
        85,
        255
      ],
      "text_color":[
        255,
        255,
        255,
        180
      ],
      "disabled":false,
      "selected":false,
      "visible":true,
      "width":255.0,
      "height":69.05000000000001,
      "pos":[
        -34.63485696700272,
        309.23979434823843
      ],
      "layout_direction":0,
      "port_deletion_allowed":false,
      "subgraph_session":{},
      "custom":{
        "input":"\u6587\u672c\u5185\u5bb92"
      }
    },
    "0x1f80fb85b10":{
      "type_":"dynamic.StatusDynamicNode_\u63a7\u5236\u6d41_\u6761\u4ef6\u5224\u65ad",
      "icon":null,
      "name":"\u6761\u4ef6\u5224\u65ad",
      "color":[
        25,
        70,
        45,
        255
      ],
      "border_color":[
        74,
        84,
        85,
        255
      ],
      "text_color":[
        255,
        255,
        255,
        180
      ],
      "disabled":false,
      "selected":true,
      "visible":true,
      "width":385.0,
      "height":114.2,
      "pos":[
        322.61757565385676,
        187.86382664186237
      ],
      "layout_direction":0,
      "port_deletion_allowed":false,
      "subgraph_session":{},
      "custom":{
        "condition_expression":"condition_input==\"1\"",
        "evaluation_mode":"python"
      }
    },
    "0x1f80fd8bf40":{
      "type_":"dynamic.StatusDynamicNode_\u6570\u636e\u96c6\u6210_\u6587\u672c\u8f93\u5165",
      "icon":null,
      "name":"\u6587\u672c\u8f93\u5165 2",
      "color":[
        25,
        70,
        45,
        255
      ],
      "border_color":[
        74,
        84,
        85,
        255
      ],
      "text_color":[
        255,
        255,
        255,
        180
      ],
      "disabled":false,
      "selected":false,
      "visible":true,
      "width":255.0,
      "height":69.05000000000001,
      "pos":[
        -24.739183547859056,
        118.74808102972358
      ],
      "layout_direction":0,
      "port_deletion_allowed":false,
      "subgraph_session":{},
      "custom":{
        "input":"1"
      }
    }
  },
  "connections":[
    {
      "out":[
        "0x1f80fb60520",
        "text"
      ],
      "in":[
        "0x1f80fb85b10",
        "true_data"
      ]
    },
    {
      "out":[
        "0x1f80fb85b40",
        "text"
      ],
      "in":[
        "0x1f80fb85b10",
        "false_data"
      ]
    },
    {
      "in":[
        "0x1f80fb85b10",
        "condition_input"
      ],
      "out":[
        "0x1f80fd8bf40",
        "text"
      ]
    }
  ]
}